﻿<?xml version="1.0" encoding="utf-8"?>
<struct>
  <list size="121" hash="0x072a5a6784">
    <hash40 index="0">0x054ff4f23f</hash40>
    <hash40 index="1">0x054ff4f23f</hash40>
    <hash40 index="2">0x054ff4f23f</hash40>
    <hash40 index="3">0x054ff4f23f</hash40>
    <hash40 index="4">0x054ff4f23f</hash40>
    <hash40 index="5">0x054ff4f23f</hash40>
    <hash40 index="6">0x054ff4f23f</hash40>
    <hash40 index="7">0x054ff4f23f</hash40>
    <hash40 index="8">0x054ff4f23f</hash40>
    <hash40 index="9">0x054ff4f23f</hash40>
    <hash40 index="10">0x054ff4f23f</hash40>
    <hash40 index="11">0x054ff4f23f</hash40>
    <hash40 index="12">0x054ff4f23f</hash40>
    <hash40 index="13">0x054ff4f23f</hash40>
    <hash40 index="14">0x054ff4f23f</hash40>
    <hash40 index="15">0x054ff4f23f</hash40>
    <hash40 index="16">0x054ff4f23f</hash40>
    <hash40 index="17">0x054ff4f23f</hash40>
    <hash40 index="18">0x054ff4f23f</hash40>
    <hash40 index="19">0x054ff4f23f</hash40>
    <hash40 index="20">0x054ff4f23f</hash40>
    <hash40 index="21">0x054ff4f23f</hash40>
    <hash40 index="22">0x054ff4f23f</hash40>
    <hash40 index="23">0x054ff4f23f</hash40>
    <hash40 index="24">0x054ff4f23f</hash40>
    <hash40 index="25">0x054ff4f23f</hash40>
    <hash40 index="26">0x054ff4f23f</hash40>
    <hash40 index="27">0x054ff4f23f</hash40>
    <hash40 index="28">0x054ff4f23f</hash40>
    <hash40 index="29">0x054ff4f23f</hash40>
    <hash40 index="30">0x054ff4f23f</hash40>
    <hash40 index="31">0x054ff4f23f</hash40>
    <hash40 index="32">0x054ff4f23f</hash40>
    <hash40 index="33">0x054ff4f23f</hash40>
    <hash40 index="34">0x054ff4f23f</hash40>
    <hash40 index="35">0x054ff4f23f</hash40>
    <hash40 index="36">0x054ff4f23f</hash40>
    <hash40 index="37">0x054ff4f23f</hash40>
    <hash40 index="38">0x054ff4f23f</hash40>
    <hash40 index="39">0x054ff4f23f</hash40>
    <hash40 index="40">0x054ff4f23f</hash40>
    <hash40 index="41">0x054ff4f23f</hash40>
    <hash40 index="42">0x054ff4f23f</hash40>
    <hash40 index="43">0x054ff4f23f</hash40>
    <hash40 index="44">0x054ff4f23f</hash40>
    <hash40 index="45">0x054ff4f23f</hash40>
    <hash40 index="46">0x054ff4f23f</hash40>
    <hash40 index="47">0x054ff4f23f</hash40>
    <hash40 index="48">0x054ff4f23f</hash40>
    <hash40 index="49">0x054ff4f23f</hash40>
    <hash40 index="50">0x054ff4f23f</hash40>
    <hash40 index="51">0x054ff4f23f</hash40>
    <hash40 index="52">0x054ff4f23f</hash40>
    <hash40 index="53">0x054ff4f23f</hash40>
    <hash40 index="54">0x054ff4f23f</hash40>
    <hash40 index="55">0x054ff4f23f</hash40>
    <hash40 index="56">0x054ff4f23f</hash40>
    <hash40 index="57">0x054ff4f23f</hash40>
    <hash40 index="58">0x054ff4f23f</hash40>
    <hash40 index="59">0x054ff4f23f</hash40>
    <hash40 index="60">0x054ff4f23f</hash40>
    <hash40 index="61">0x054ff4f23f</hash40>
    <hash40 index="62">0x054ff4f23f</hash40>
    <hash40 index="63">0x054ff4f23f</hash40>
    <hash40 index="64">0x054ff4f23f</hash40>
    <hash40 index="65">0x054ff4f23f</hash40>
    <hash40 index="66">0x054ff4f23f</hash40>
    <hash40 index="67">0x054ff4f23f</hash40>
    <hash40 index="68">0x054ff4f23f</hash40>
    <hash40 index="69">0x054ff4f23f</hash40>
    <hash40 index="70">0x054ff4f23f</hash40>
    <hash40 index="71">0x054ff4f23f</hash40>
    <hash40 index="72">0x054ff4f23f</hash40>
    <hash40 index="73">0x054ff4f23f</hash40>
    <hash40 index="74">0x054ff4f23f</hash40>
    <hash40 index="75">0x054ff4f23f</hash40>
    <hash40 index="76">0x054ff4f23f</hash40>
    <hash40 index="77">0x054ff4f23f</hash40>
    <hash40 index="78">0x054ff4f23f</hash40>
    <hash40 index="79">0x054ff4f23f</hash40>
    <hash40 index="80">0x054ff4f23f</hash40>
    <hash40 index="81">0x054ff4f23f</hash40>
    <hash40 index="82">0x054ff4f23f</hash40>
    <hash40 index="83">0x054ff4f23f</hash40>
    <hash40 index="84">0x054ff4f23f</hash40>
    <hash40 index="85">0x054ff4f23f</hash40>
    <hash40 index="86">0x054ff4f23f</hash40>
    <hash40 index="87">0x054ff4f23f</hash40>
    <hash40 index="88">0x054ff4f23f</hash40>
    <hash40 index="89">0x054ff4f23f</hash40>
    <hash40 index="90">0x054ff4f23f</hash40>
    <hash40 index="91">0x054ff4f23f</hash40>
    <hash40 index="92">0x054ff4f23f</hash40>
    <hash40 index="93">0x054ff4f23f</hash40>
    <hash40 index="94">0x054ff4f23f</hash40>
    <hash40 index="95">0x054ff4f23f</hash40>
    <hash40 index="96">0x054ff4f23f</hash40>
    <hash40 index="97">0x054ff4f23f</hash40>
    <hash40 index="98">0x054ff4f23f</hash40>
    <hash40 index="99">0x054ff4f23f</hash40>
    <hash40 index="100">0x054ff4f23f</hash40>
    <hash40 index="101">0x054ff4f23f</hash40>
    <hash40 index="102">0x054ff4f23f</hash40>
    <hash40 index="103">0x054ff4f23f</hash40>
    <hash40 index="104">0x054ff4f23f</hash40>
    <hash40 index="105">0x054ff4f23f</hash40>
    <hash40 index="106">0x054ff4f23f</hash40>
    <hash40 index="107">0x054ff4f23f</hash40>
    <hash40 index="108">0x054ff4f23f</hash40>
    <hash40 index="109">0x054ff4f23f</hash40>
    <hash40 index="110">0x054ff4f23f</hash40>
    <hash40 index="111">0x054ff4f23f</hash40>
    <struct index="112">
      <byte hash="0x09d5678814">11</byte>
    </struct>
    <hash40 index="113">0x054ff4f23f</hash40>
    <hash40 index="114">0x054ff4f23f</hash40>
    <hash40 index="115">0x054ff4f23f</hash40>
    <hash40 index="116">0x054ff4f23f</hash40>
    <hash40 index="117">0x054ff4f23f</hash40>
    <hash40 index="118">0x054ff4f23f</hash40>
    <hash40 index="119">0x054ff4f23f</hash40>
    <hash40 index="120">0x054ff4f23f</hash40>
  </list>
</struct>